1,AL MOBILE,1
2,AL BIRMINGHAM,1
3,AL MONTGOMERY,1
4,AL DOTHAN,1
6,AL MOBILE SOUTH,1
7,AL BIRMINGHAM AL SUBLOT,1
8,AR LITTLE ROCK,1
9,AR FAYETTEVILLE,1
10,AZ PHOENIX,1
11,AZ PHOENIX NORTH,1
12,AZ TUCSON,1
13,CA ADELANTO,1
14,CA REDDING,1
15,CA ANTELOPE,1
16,CA BAKERSFIELD,1
17,CA SAN BERNARDINO,1
18,CA FRESNO,1
19,CA SACRAMENTO CA SUBLOT,1
20,CA HAYWARD,1
21,CA LANCASTER CA SUBLOT,1
22,CA LOS ANGELES,1
23,CA MARTINEZ,1
24,CA MENTONE,1
25,CA RANCHO CUCAMONGA,1
26,CA SACRAMENTO,1
27,CA SAN DIEGO,1
28,CA SAN JOSE,1
29,CA SANTA PAULA CA SUBLOT,1
30,CA SUN VALLEY,1
31,CA VALLEJO,1
32,CA VAN NUYS,1
33,CA LONG BEACH,1
34,CO DENVER,1
35,CO COLORADO SPRINGS,1
36,CO DENVER CENTRAL,1
37,CO FORT LUPTON,1
38,CO DENVER SOUTH,1
39,CT HARTFORD SPRINGFIELD,1
40,CT BERLIN CT SUBLOT,1
41,CT HARTFORD,1
42,DE SEAFORD,1
43,FL ORLANDO NORTH,1
44,FL PUNTA GORDA SOUTH,1
45,FL FT.PIERCE,1
46,FL MIAMI SOUTH,1
47,FL JACKSONVILLE EAST,1
48,FL JACKSONVILLE SOUTH,1
49,FL JACKSONVILLE NORTH,1
50,FL JACKSONVILLE WEST,1
51,FL MIAMI CENTRAL,1
52,FL MIAMI NORTH,1
53,FL TALLAHASSEE,1
54,FL OCALA,1
55,FL ORLANDO SOUTH,1
56,FL PUNTA GORDA,1
57,FL TAMPA SOUTH,1
58,FL WEST PALM BEACH,1
59,GA AUGUSTA,1
60,GA ATLANTA WEST,1
61,GA MACON,1
62,GA CARTERSVILLE,1
63,GA EAST POINT,1
64,GA CRASHEDTOYS ATLANTA,1
65,GA ATLANTA SOUTH,1
66,GA FAIRBURN,1
67,GA ATLANTA NORTH,1
68,GA ATLANTA EAST,1
69,GA SAVANNAH,1
70,GA TIFTON,1
71,GA METTER GA SUBLOT,1
72,IA DES MOINES,1
73,IA DAVENPORT,1
74,IA CRASHEDTOYS ELDRIDGE,1
75,ID BOISE,1
76,IL SOUTHERN ILLINOIS,1
77,IL ALORTON,1
78,IL CHICAGO SOUTH,1
79,IL CHICAGO NORTH,1
80,IL PEORIA,1
81,IL LOUIS IL SUBLOT,1
82,IL WHEELING,1
83,IN CICERO,1
84,IN DYER,1
85,IN FORT WAYNE,1
86,IN HAMMOND,1
87,IN HARTFORD CITY,1
88,IN INDIANAPOLIS,1
89,KS KANSAS CITY,1
90,KS WICHITA,1
91,KY EARLINGTON,1
92,KY LEXINGTON WEST,1
93,KY LEXINGTON EAST,1
94,KY LOUISVILLE,1
95,KY WALTON,1
96,LA TICKFAW LA SUBLOT,1
97,LA BATON ROUGE,1
98,LA NEW ORLEANS,1
99,LA SHREVEPORT,1
100,MA FREETOWN,1
101,MA SOUTH BOSTON,1
102,MA NORTH BOSTON,1
103,MA WEST WARREN,1
104,MD BALTIMORE EAST,1
105,MD BALTIMORE,1
106,MD BALTIMORE MD SUBLOT,1
107,MD(DC) WASHINGTON DC,1
108,MD WHITE MARSH SUBLOT,1
109,ME GRAY ME SUBLOT,1
110,ME LYMAN,1
111,ME ORONO ME SUBLOT,1
112,ME WINDHAM,1
113,MI FLINT,1
5,AL TANNER,1
114,MI KINCHELOE,1
115,MI LANSING,1
116,MI IONIA,1
117,MI DETROIT,1
118,MN ST.CLOUD,1
119,MN CRASHEDTOYS MINNEAPOLIS,1
120,MN MINNEAPOLIS,1
121,MN HAM LAKE MN SUBLOT,1
122,MN CRASHEDTOYS EAST BETHEL,1
123,MN MINNEAPOLIS NORTH,1
124,MO ST.LOUIS,1
125,MO COLUMBIA,1
126,MO SPRINGFIELD MO SUBLOT,1
127,MO SPRINGFIELD,1
128,MO SIKESTON,1
129,MS JACKSON,1
130,MS GRENADA,1
131,MT BILLINGS,1
132,MT HELENA,1
133,NC CHINA GROVE,1
134,NC CONCORD,1
135,NC LUMBERTON NC SUBLOT,1
136,NC RALEIGH,1
137,NC GASTONIA,1
138,NC RALEIGH NORTH,1
139,NC MEBANE,1
140,NC MOCKSVILLE,1
141,ND BISMARCK,1
142,NE LINCOLN,1
143,NH CANDIA,1
144,NJ GLASSBORO EAST,1
145,NJ SOMERVILLE,1
146,NJ TRENTON,1
147,NM ALBUQUERQUE,1
148,NV LAS VEGAS,1
149,NV LAS VEGAS WEST,1
150,NV RENO,1
151,NY ALBANY,1
152,NY BUFFALO,1
153,NY BROCTON NY SUBLOT,1
154,NY LONG ISLAND,1
155,NY SYRACUSE,1
156,NY ROCHESTER,1
157,NY NEWBURGH,1
158,NY ROCHESTER,1
159,OH AKRON,1
160,OH CLEVELAND WEST,1
161,OH COLUMBUS,1
162,OH DAYTON,1
163,OH CLEVELAND EAST,1
164,OK OKLAHOMA CITY,1
165,OK TULSA,1
166,OR EUGENE,1
167,OR PORTLAND NORTH,1
168,OR PORTLAND SOUTH,1
169,PA PITTSBURGH EAST,1
170,PA PHILADELPHIA EAST SUBLOT,1
171,PA CHAMBERSBURG,1
172,PA SCRANTON,1
173,PA ALTOONA,1
174,PA PITTSBURGH NORTH,1
175,PA HARRISBURG,1
176,PA PHILADELPHIA,1
177,PA PITTSBURGH SOUTH,1
178,PA YORK HAVEN,1
179,RI EXETER,1
180,SC COLUMBIA,1
181,SC GREER,1
182,SC NORTH CHARLESTON,1
183,SC GASTON SC SUBLOT,1
184,SC SPARTANBURG SUBLOT,1
185,SD RAPID CITY,1
186,TN NASHVILLE,1
187,TN KNOXVILLE,1
188,TN MEMPHIS,1
189,TX ABILENE,1
190,TX AMARILLO,1
191,TX ANDREWS,1
192,TX EL PASO,1
193,TX HASLET TX SUBLOT,1
194,TX CORPUS CHRISTI,1
195,TX CRASHEDTOYS DALLAS,1
196,TX DALLAS,1
197,TX FT.WORTH,1
198,TX HOUSTON,1
199,TX LONGVIEW,1
200,TX LUFKIN,1
201,TX MCALLEN,1
202,TX AUSTIN,1
203,TX ORMY TX SUBLOT,1
204,TX SAN ANTONIO,1
205,TX WACO,1
206,TX ANTHONY TX SUBLOT,1
207,TX WILMER TX SUBLOT,1
208,TX DALLAS SOUTH,1
209,UT OGDEN SUBLOT,1
210,UT SALT LAKE CITY,1
211,VA RICHMOND EAST,1
212,VA DANVILLE,1
213,VA FREDERICKSBURG,1
214,VA HAMPTON,1
215,VA RICHMOND,1
216,VT ORLEANS VT SUBLOT,1
217,VT RUTLAND,1
218,WA SPOKANE,1
219,WA NORTH SEATTLE,1
220,WA GRAHAM,1
221,WA PASCO,1
222,WI APPLETON,1
223,WI MILWAUKEE,1
224,WI MILWAUKEE NORTH,1
225,WI MILWAUKEE SOUTH,1
226,WI MADISON,1
227,WI MADISON SOUTH,1
228,WI WAUKESHA WI SUBLOT,1
229,WV CHARLESTON,1
230,WY CASPER,1
231,"AR Benton, AR BENTON,AR,72015",2
232,"AR NORTH LITTLE ROCK, AR,72117",2
233,"AZ 2299 W BROADWAY RD PHOENIX,AZ,85041",2
234,"CA 11399 SANTA FE AVE E HESPERIA,CA,92345",2
235,"CA 13901 SAN BERNARDINO AVE FONTANA,CA,92335",2
236,"CA 14320 SOLEDAD CANYON RD SANTA CLARITA,CA,91387",2
237,"CA 1903 BLINN AVE WILMINGTON,CA,90744",2
238,"CA 2961 EAST LA JOLLA STREET ANAHEIM,CA,92806",2
239,"CA 3600 PYRITE ST JURUPA VALLEY,CA,92509",2
240,"CA 7245 LAUREL CANYON BLVD LOS ANGELES,CA,91605",2
241,"CA 775 HARLEY KNOX BLVD PERRIS,CA,92571",2
242,"CA At the North Hollywood (CA) branch 7245 LAUREL CANYON BLVD LOS ANGELES,CA,91605",2
243,"CA CHULA VISTA,CA,91911",2
244,"CA Fresno Offsite - 337 FRESNO,CA,93725",2
245,"CA Harbor City, CA 90710 HARBOR CITY,CA,90710",2
246,"CA LAWNDALE,CA,90260",2
247,"CA Los Angeles IAA 18300 S VERMONT AVE GARDENA,CA,90248",2
248,"CA NoHo 3 BURBANK,CA,91505",2
249,"CA RIVERSIDE 3600 PYRITE ST RIVERSIDE,CA,92509",2
250,"CA San Bernadino Off Site 137 SAN BERNARDINO,CA,92407",2
251,"CA South Gate, CA SOUTH GATE,CA,90280",2
252,"CO 1280 HIGHWAY 50 DELTA,CO,81416",2
253,"CO COLFAX MOTORS - offiste DENVER,CO,80220",2
254,CT HARTFORD SOUTH 525 CHRISTIAN LANE NEW BRITAIN CT 06051,2
255,"DE 417 OLD AIRPORT ROAD NEW CASTLE,DE,19720",2
256,"DE DELMAR,DE,19940",2
257,"FL 10950 NORMANDY BLVD JACKSONVILLE,FL,32221",2
258,"FL 1208 17TH STREET EAST PALMETTO,FL,34221",2
259,"FL 1857 US-331 N DEFUNIAK SPRINGS,FL,32433",2
260,"FL 3005 CR 835 CLEWISTON,FL,33440",2
261,"FL 6275 SW 196TH AVE FORT LAUDERDALE,FL,33332",2
262,"FL 6522 OLD US-41 A TAMPA,FL,33619",2
263,"FL 9801 BOGGY CREEK RD ORLANDO,FL,32824",2
264,"FL ADESA-Off Site 11700 NEW KINGS ROAD JACKSONVILLE,FL,32219",2
265,"FL BOCA RATON,FL,33487",2
266,"FL COCONUT CREEK,FL,33063",2
267,"FL FORT MYERS OFFSITE 749 850 PONDELLA RD NORTH FORT MYERS,FL,33903",2
268,"FL HOLLYWOOD,FL,33023",2
269,"FL Miami-North 2 Offsite 6275 SW 196TH AVE PEMBROKE PINES,FL,33332",2
270,"GA Cochran, GA COCHRAN,GA,31014",2
271,"GA Contact IAA branch MACON,GA,31204",2
272,"GA NHRH OFF SITE 706 COMMERCE,GA,30529",2
273,"GA Offsite - Lilburn GA 30047 LILBURN,GA,30047",2
274,"IA AA Des Moines 1000 ARMSTRONG DRIVE DE SOTO,IA,50069",2
275,"IA IAA Des Moines Offsite 3277 UTE AVE WAUKEE,IA,50263",2
276,"IA Iowa Speedway CAT 534 NEWTON,IA,50208",2
277,"L 4460 HIGHWAY 162 GRANITE CITY,IL,62040",2
278,"IL 511 - MONTGOMERY 325 IL-31 S MONTGOMERY,IL,60538",2
279,"IL Caseyville CASEYVILLE,IL,62232",2
280,"IL CHICAGO, IL, 60632",2
281,"IL IAA St. Louis Off-Site CENTREVILLE,IL,62207",2
282,"IL MIDLOTHIAN,IL,60445",2
283,"IL ONLINE EXCLUSIVE ENTERPRISE 2040 E. ALGONQUIN RD SCHAUMBURG,IL,60173",2
284,"IN 1947 SOUTH COUNTY ROAD (SCR) 1240 E CROTHERSVILLE,IN,47229",2
285,"IN 4300 OXFORD ST FORT WAYNE,IN,46806",2
286,"IN IAA Indy Minnesota Street INDIANAPOLIS,IN,46241",2
287,"KY 1825 SOUTH PRESTON HIGHWAY SHEPHERDSVILLE,KY,40165",2
288,"KY 710 WOODFORD AVENUE BOWLING GREEN,KY,42101",2
289,"LA 1043 ORO TRAIL RD CROWLEY,LA,70526",2
290,"LA 29000 S FROST RD LIVINGSTON,LA,70754",2
291,"LA 301 MALAPART RD LAFAYETTE,LA,70507",2
292,"LA 415 HWY 93 NORTH SCOTT,LA,70583",2
293,"LA IAA CAT Baton Rouge - Carville 5978 HIGHWAY 75 CARVILLE,LA,70721",2
294,"LA Jennings Off-Site #760 JENNINGS,LA,70546",2
295,"MA Insurance Auto Auctions - Templeton2 411 BALDWINVILLE RD TEMPLETON,MA,01468",2
296,"MA LANCASTER,MA,01523",2
297,"MD 7131 VIRGINIA MANOR CT LAUREL,MD,20707",2
298,"MD Dundalk Offsite 770 BALTIMORE,MD,21213",2
299,"MD White Plains Aux Lot 4840 CRAIN HIGHWAY WHITE PLAINS,MD,20695",2
300,ME COPART 40 HOLMES ROAD SCARBOROUGH ME 04074,2
301,"MI ADESA Great Lakes 573 SOUTH TUSCOLA ROAD BAY CITY,MI,48708",2
302,"MI Detroit B & G Lot-8100 lynch rd 9100 LYNCH RD. DETROIT,MI,48234",2
303,"MI Grand Rapids Reed & Hoppes 2661 EAST GRAND RIVER AVE. PORTLAND, MI, 48875",2
304,"MI Marine City, MI MARINE CITY,MI,48039",2
305,"MI OFFSITE - Melvindale MI 48122 MELVINDALE,MI,48122",2
306,"MN 13289 25TH AVE NW RICE,MN,56367",2
307,"MN 1336 JACKSON ST SAINT PAUL,MN,55117",2
308,"MN 2975 PARTRIDGE RD ROSEVILLE,MN,55113",2
309,"MN 3300 150TH STREET EAST FARIBAULT,MN,55021",2
310,"MN IAA RED WING RED WING,MN,55066",2
311,"MO KANSAS CITY,MO,64129",2
312,"MO Squires Towing AFFTON,MO,63123",2
313,"MS 100 BEASLEY RD JACKSON,MS,39206",2
314,"MS IAA Byram 7670 SIWELL ROAD BYRAM,MS,39272",2
315,"MT 4U COLLISION CENTER 23 8TH AVE NE CONRAD,MT,59425",2
316,"NC 6500 ROZZELLES FERRY RD CHARLOTTE,NC,28214",2
317,"NC DUNN - 747 4129 NC-242 DUNN,NC,28334",2
318,"NC OFFSITE Monroe, NC 28110 MONROE,NC,28112",2
319,"NC RICHLANDS,NC,28574",2
320,"NC TKU AUTO SALES LLC 1204 N CHURCH ST BURLINGTON,NC,27217",2
321,"NE 13909 238TH STREET GREENWOOD,NE,68366",2
322,"NE iaa omaha north lot OMAHA,NE,68110",2
323,"NH 75 LOWELL RD SALEM,NH,03079",2
324,"NH Kingston, NH 03848 KINGSTON,NH,03848",2
325,"NH Salem 199 LAWRENCE RD SALEM,NH,03079",2
326,"NJ 230 PENSION RD MANALAPAN,NJ,07726",2
327,"NJ 700 FEDERAL BLVD CARTERET,NJ,07008",2
328,"NJ 985 STATE ROUTE 57 PORT MURRAY,NJ,07865",2
501,NY S.I. SUBLOT 211 JOHNSON ST STATEN ISLAND 10309,4
329,"NJ At the Central New Jersey (NJ) branch 426 TEXAS ROAD MORGANVILLE,NJ,07751",2
330,"NJ Englishtown CAT Yard #611 230 PENSION RD ENGLISHTOWN,NJ,07726",2
331,"NJ New Brunswick, NJ 08901 NEW BRUNSWICK,NJ,08901",2
332,"NJ PARKWAY AUTO 578 MEMORIAL PKWY PHILLIPSBURG,NJ,08865",2
333,"NJ Robbinsville, NJ ROBBINSVILLE,NJ,08691",2
334,"NM Albuquerque IAA Branch 4400 BROADWAY BLVD SE ALBUQUERQUE,NM,87105",2
335,"NY 115 PORT WATSON ST CORTLAND,NY 13045",2
336,"NY 1210 KINGS ROAD SCHENECTADY,NY,12303",2
337,"NY 21 RICE CT MEDFORD,NY,11763",2
338,"NY 366 VULCAN STREET BUFFALO,NY,14207",2
339,"NY 71 PECONIC AVE MEDFORD,NY,11763",2
340,"NY Binghamton, NY 13903 BINGHAMTON,NY,13903",2
341,"NY BUFFALO,NY,14227",2
342,"NY Drive Auto Sales 656 PINE AIRE DRIVE BAYSHORE,NY,11706",2
343,"NY HL2 EAST ROCHESTER,NY,14445",2
344,"NY LI - Calverton Airport 613 901 BURMAN BLVD CALVERTON,NY,11933",2
345,"NY Monticello-672 MONTICELLO,NY,12701",2
346,"NY small town auto MONTOUR FALLS,NY,14865",2
347,"NY STATEN ISLAND,NY,10314",2
348,"NY WEST NYACK,NY,10994",2
349,"OH AA Stimmel Road 420 STIMMEL ROAD COLUMBUS,OH,43223",2
350,"OH Amelia IAA Cinci-South 1736 LINDALE MT. HOLLY RD AMELIA,OH,45102",2
351,"OH At the Dayton (OH) branch 400 CHEROKEE DR DAYTON,OH,45417",2
352,"OH Offsite - Carrollton OH 44615 CARROLLTON,OH,44615",2
353,"OH Offsite - Cuyahoga Falls OH 44223 CUYAHOGA FALLS,OH,44223",2
354,"OH Offsite - Willoughby OH 44094 WILLOUGHBY,OH,44094",2
355,"OH Offsite -Elyria, OH 44035 ELYRIA,OH,44035",2
356,"OH Tallmadge,OH 44278 TALLMADGE,OH,44278",2
357,"OH Vermillion - North Ford Lot 8149 W. ERIE VERMILION,OH,44089",2
358,"OR EUGENE,OR,97402",2
359,"OR IAA St John Offiste 8524 N CRAWFORD AVE PORTLAND,OR,97203",2
360,"OR PORTLAND WEST 10498 N VANCOUVER WAY PORTLAND,OR,97217",2
361,"PA IAA Bridgeport - Philadelphia East 7777 STATE RD PHILADELPHIA,PA,19136",2
362,"PA R&J AUTOMOTIVE COMPANY LLC - Offsite ESSINGTON,PA,19029",2
363,"SC 422 SCUFFLETOWN RD SIMPSONVILLE,SC,29681",2
364,"SC Offsite - York NC 29745 YORK,SC,29745",2
365,SD ALAN'S AUTO RECYCLING 1800 SEGER DRIVE RAPID CITY SD 57701,2
366,"TN Madison, TN MADISON,TN,37115",2
367,"TN Nashville, TN NASHVILLE,TN,37211",2
368,"TX 11022 MESA DRIVE HOUSTON,TX,77078",2
369,"TX 1107 BROADWAY PASADENA,TX,77506",2
370,"TX 12100 WEST LITTLE YORK RD HOUSTON,TX,77041",2
371,"TX 1528 STATE HIGHWAY 71 COLUMBUS,TX,78934",2
372,"TX 16602 E HARDY RD HOUSTON,TX,77032",2
373,"TX 18600 WILBER ROAD HAMSHIRE,TX,77622",2
374,"TX 23010 FIREFLY RD FLORENCE,TX,76527",2
375,"TX 3748 MCPHERSON DR JUSTIN,TX,76247",2
376,"TX 5000 I-10 SEALY,TX,77474",2
377,"TX 711 RANKIN ROAD HOUSTON,TX,77073",2
378,"TX 8119 MILLER ROAD NO. 3 HOUSTON,TX,77049",2
379,"TX AUSTIN - IAA 2191 HIGHWAY 21 WEST DALE,TX,78616",2
380,"TX Beaumont Hwy_CAT Yard 17011 BEAUMONT HWY HOUSTON,TX,77049",2
381,"TX CAT Houston Oates Rd. 1 4605 OATES ROAD HOUSTON,TX,77013",2
382,"TX CAT YARD 3 7575 FM 2004 HITCHCOCK,TX,77563",2
383,"TX CAT YARD 5 12100 WEST LITTLE YORK RD HOUSTON,TX,77041",2
384,"TX CAT YARD D 18100 US-59 BUSINESS NEW CANEY,TX,77357",2
385,"TX GRAND PRAIRIE,TX,75050",2
386,"TX Offsite Offsite - Dallas TX 75229 DALLAS,TX,75229",2
387,"TX SAN ANTONIO-SOUTH 11275 SOUTH ZARZAMORA SAN ANTONIO,TX,78224",2
388,"TX SAN BENITO,TX,78586",2
389,"VA BRISTOL,VA,24202",2
390,"VA Doswell - 711 DOSWELL, VA, 23047",2
391,"VA IAA CULPEPER 15201 REVIEW RD CULPEPER,VA,22701",2
392,"VA IAA Pulaski 7054 SALLING BRANCH ROAD FAIRLAWN,VA,24141",2
393,"VA MANASSAS,VA,20111",2
394,"VA Montvale Yard #724 1576 QUARTERWOOD RD MONTVALE,VA,24122",2
395,"VA OFFSITE - Chesapeake VA 23321 CHESAPEAKE,VA,23321",2
396,"VA Premium Auto Brokers VIRGINIA BEACH,VA,23464",2
397,"VT 304 COLCHESTER ROAD ESSEX JUNCTION,VT,05452",2
398,"WA IAA Puyallup 15801 110TH AVE E PUYALLUP,WA,98374",2
399,"WA IAA TUKWILA OFFSITE 8801 E MARGINAL WAY S TUKWILA,WA,98108",2
400,"WA Vancouver IAA offsite 15615 NE FOURTH PLAIN BLVD VANCOUVER, WA, 98682",2
401,"WI 7213 US HIGHWAY 41 CALEDONIA,WI,53108",2
402,"WI W10890 SCHOOL RD FREMONT,WI,54940",2
403,AL 3101 DAVEY ALLISON BLVD BIRMINGHAM AL 35023,4
404,AL THEODORE SUBLOT 9401 OLD PASCAGOULA RD THEODORE AL 36582,4
405,AZ GRAND TURISMO MOTERZ 4032 N 7TH STREET PHOENIX AZ 85014,4
406,CA 2348 INDUSTRIAL PKWY W HAYWARD CA 94545,4
407,CA 1000 E LOMITA BLVD.WILMINGTON CA 90744,4
408,CA 11201 PENDLETON ST SUN WALLEY CA 91352,4
409,CA 1267 HWY 99 GRIDLEY CA 95948,4
410,CA 12743 LLAGA AVE SAN MARTIN CA 95046,4
411,CA 43927 90TH STREET LANCASTER CA 93535,4
412,CA 792 CODONI AVE MODESTO CA 95357,4
413,CA 8650 ANTELOPE NORTH ROAD ANTELOPE CA 95843,4
414,CA 8780 FRUITRIDGE ROAD SACRAMENTO CA 95826,4
415,CA 918 MISSION ROCK ROAD B-1 SANTA PAULA CA 93060,4
416,CA COPART SAN JOSE SUBLOT 2542 MONTEREY RD.GATE D SAN JOSE CA 95111,4
417,CA COPART VALLEJO SUBLOT 2744 GREEN ISLAND ROAD AMERICAN CANYON CA 94503,4
418,CA LA MEDIA SUBLOT 1369 RADAR RD SAN DIEGO CA 92154,4
419,CA OTAY SUBLOT 7277 OTAY MESA RD.SAN DIEGO CA 92154,4
420,CA PERRIS SUBLOT 4332 N WEBSTER AVE PERRIS CA 92571,4
421,CO 1031 S.ROYER STREET COLORADO SPRINGS CO 80903,4
422,CO 1528 10 RD MACK CO 81525,4
423,CO 247 WOOTEN ROAD COLORADO SPRINGS CO 80916,4
424,CO 560 AIR LN COLORADO SPRINGS CO 80929,4
425,CO JB MECHANICAL 4205 W.13TH ST PUEBLO CO 81005,4
426,CO NUNN SUBLOT 925 LONE TREE CIRCLE NUNN CO 80648,4
427,CT 525 CHRISTIAN LANE BERLIN CT 06037,4
428,CT HARTFORD SOUTH 525 CHRISTIAN LANE NEW BRITAIN CT 06051,4
429,CT NORTH SUBLOT 625 CHRISTIAN LANE NEW BRITAIN CT 06051,4
430,FL 1 SPEEDWAY BLVD HOMESTEAD FL 33035,4
431,FL 12511 U.S. 301 THONOTOSASSA FL 33592,4
432,FL 12850 NW 27TH AVE.OPA LOCKA FL 33054,4
433,FL 300 SETZER RD JACKSONVILLE FL 32218,4
434,FL 307 E LANDSTREET RD 32824,4
435,FL 3800 NW 16TH BOULEVARD OKEECHOBEE FL 34972,4
436,FL 4545 COUNTY RD 835 CLEWISTON FL 33440,4
437,FL COPART - DOVER SUBLOT 15237 DR. MLK JR BLVD DOVER FL 33527,4
438,FL MULBERRY SUBLOT 4201 BONNIE MINE RD MULBERRY FL 33860,4
439,FL YARD 137 PUNTA GORDA 5017 DUNCAN ROAD PUNTA GORDA FL 33982,4
440,GA 401 EAST VERTIA STREET METTER GA 30439,4
441,GA 500 LYLE FIELD ROAD JEFFERSON GA 30549,4
442,GA 6737 ROOSEVELT HWY FAIRBURN GA 30213,4
443,GA AUTO FORUM GROUP 5403 HWY 138 STE A OXFORD GA 30054,4
444,GA DELTA CIRCLE 7290 DELTA CIRCLE AUSTELL GA 30168,4
445,IA 169 DAVENPORT SUBLOT 200 E 1ST ST DAVENPORT IA 52806,4
446,IA DAVENPORT SUBLOT 3601 SOUTH 1ST STREET ELDRIDGE IA 52748,4
447,IA METRO 4300 DELAWARE AVENUE DES MOINES IA 50313,4
448,IL 31W 120 W BARTLETT RD BARTLETT IL 60103,4
449,IL 99 RACEHORSE DRIVE EAST ST LOUIS IL 62205,4
450,IL 99 RACEHORSE DRIVE ALORTON ILLINOIS 62207,4
451,IL VEH LOC @ WOODMAR SUBLOT HEIGHTS SUBLOT 1301 S STATE ST CHICAGO HEIGHTS IL 604011,4
452,IN 1535 E.226TH ST CICERO IN 46034,4
453,KS KANSAS CITY SUBLOT A 6130 KANSAS AVE KANSAS CITY KS 66111,4
454,KY EARLINGTON SUBLOT 700 N SANDCUT ROAD EARLINGTON KY 42410,4
455,KY GREENVILLE SUBLOT 5770 US HWY 62 W GREENVILLE KY 42345,4
456,KY LAWRENCEBURG SUBLOT 1051 INDUSTRIAL RD LAWRENCEBURG KY 40342,4
457,KY OUTER LOOP SUBLOT 1049 OUTER LOOP LOUISVILLE KY 40219,4
458,LA 48205 HIGHWAY 51 TICKFAW LA 70466,4
459,MA BEST BUY AUTO 131 WASHINGTON ST ATTLEBORO MA 02703,4
460,MA COPART-053B 566 MAIN STREET HUDSON MA 01749,4
461,MA COPART - ROWLEY 164 BOXFORD ROAD ROWLEY MA 01969,4
462,MA-NORTH BOSTON 55R HIGH STREET BILLERICA MA 01862,4
463,MD 11715 PULASKI HWY WHITE MARSH MD 21162,4
464,MD 601 W PATAPSCO AVE BALTIMORE MD 21225,4
465,MD FRUITLAND SUBLOT 626 S FRUITLAND BLVD FRUITLAND MD 21826,4
466,ME 40 HOLMES ROAD SCARBOROUGH ME 04074,4
467,ME 486 MAIN ROAD ORONO ME 04473,4
468,ME 53 WEST GRAY RD GRAY ME 04039,4
469,MI WAYLAND MI 49348,4
470,MN 10588 CENTRAL AVE NE BLAINE MINNESOTA 55434,4
471,MN 15932 JARVIS ST NE ELK RIVER MN 55330,4
472,MN 20798 US HIGHWAY 10 BIG LAKE MN 55309,4
473,MN 2975 PARTRIDGE RD ROSEVILLE MN 55113,4
474,MN 329 BUNKER LAKE BLVD HAM LAKE MN 55304,4
475,MN COPART FRIDLEY SUBLOT 3737 EAST RIVER ROAD FRIDLEY MN 55421,4
476,MO 1619 S GOLDEN AVE SPRINGFIELD MO 65807,4
477,MO 1795 DUNN ROAD SAINT LOUIS MO 63138,4
478,MO COPART BRIDGETON SUBLOT 3873 TAUSSIG AVENUE BRIDGETON MO 63044,4
479,NC 2668 HIGHWAY 601 SOUTH MOCKSVILLE NC 27028,4
480,NC 4019 NC HWY 72 W LUMBERTON NC 28360,4
481,NC 7940 US HWY 601 S CONCORD NC 28025,4
482,NC MEBANE SUBLOT 1941 US 70 MEBANE NC 27302,4
483,NC WINSTON-SALEM SUBLOT 6775 REYNOLDA RD PFAFFTOWN NC 27040,4
484,NC YARD 54 310 COPART RD DUNN NC 28334,4
485,ND 1871 REVERE DRIVE BISMARCK ND 58501,4
486,NJ 154 TENNENT RD 7 DAYS FREE STO MORGANVILLE NJ 07751,4
487,NJ 253 HWY 34 MATAWAN NJ 07747,4
488,NJ 45 VICTORY PLAZA SOUTH AMBOY NJ 08879,4
489,NJ COPART JOBSTOWN SUBLOT 304 NJ ROUTE 68 JOBSTOWN NJ 08041,4
490,NJ WILLIAMSTOWN SUBLOT 3398 SOUTH BLACK HORSE PIKE WILLIAMSTOWN NJ 08094,4
491,NJ Yard 69 GLASSBORO 781 JACOB HARRIS AVENUE GLASSBORO NJ 08028,4
492,NV CHUCK LENZIE COURT ARROLIME NV 89165,4
493,NV COPART CLAYTON SUBLOT 3441 N.CLAYTON ST.NORTH LAS VEGAS NV 89032,4
494,NY 128 CENTRAL AVENUE BROCTON NY 14716,4
495,NY 2731 TOWN LINE ROAD ALDEN NY 14004,4
496,NY 580 LATIN TOWN ROAD MARLBORO NY 12542,4
497,NY ALPHA AUTO 115 PORT WASTSON ST CORTLAND NY 13045,4
498,NY AMSTERDAM SUBLOT 5915 NY-30 AMSTERDAM NY 12010,4
499,NY COPART NEWBURGH SUBLOT 18 ROUTE 17K NEWBURGH NY 12550,4
500,NY LATTINTOWN SUBLOT 574 LATTINTOWN ROAD MARLBORO NY 12542,4
502,NY YOUNGS SUBLOT 1871 RT 9W MILTON NY 12547,4
503,OK 5329 S MADERA BLVD OKLAHOMA CITY OK 73129,4
504,OK LINDA WOOLDRIDGE 2829 SE 15TH OKLAHOMA CITY OK 73129,4
505,PA 77 BRISTOL RD CHALFONT PA 18914,4
506,PA 795 SIPE ROAD YORK HAVEN PA 17370,4
507,PA 83 EAST LANCASTER AVENUE MALVERN PA 19355,4
508,PA GRANTVILLE PA 17028,4
509,PA WEST MIFFLIN PA 15122,4
510,PA YARD 026 2704 GERYVILLE PIKE PENNSBURG PA 18073,4
511,SC 120 PINE PLAIN RD GASTON SC 29053,4
512,SC 1921 NAZARETH CHURCH RD SPARTANBURG SC 29301,4
513,SC 700 SOUTH BOUND ROAD GASTON SC 29053,4
514,SC COPART GREER SUBLOT 2465 HIGHWAY 101 SOUTH GREER SC 29651,4
515,SC SHA LIU 120 PINE PLAIN GASTON SC 29053,4
516,SD ALAN'S AUTO RECYCLING 1800 SEGER DRIVE RAPID CITY SD 57701,4
517,TX 14603 SPEEDWAY PARK VON ORMY TX 78073,4
518,TX 1701 E BELT LINE RD WILMER TX 75172,4
519,TX 17529 HWY 6 COLLEGE STATION TX 77845,4
520,TX 2525 FM 565 BAYTOWN TX 77523,4
521,TX 351 VALLEY CHILI ROAD ANTHONY TX 79821,4
522,TX 7201 N GENERAL BRUCE DR TEMPLE TEXAS 76501,4
523,TX 950 BLUE MOUND RD WEST HASLET TX 76052,4
524,TX CHANNELVIEW 400 S SHELDON ROAD CHANNELVIEW TX 77530,4
525,TX DALTON OFFSITE 1000 DALTON LN AUSTIN TX 78742,4
526,TX HARBORSIDE SUBLOT 5800 HARBORSIDE DR GALVESTON TX 77554,4
527,TX TAYLOR TX 76574,4
528,UT 170 W.CENTER STREET NORTH SALT LAKE UT 84054,4
529,UT 3586 NORTH 2000 WEST FARR WEST UT 84404,4
530,UT MAGNA SUBLOT 7370 W 2100 S MAGNA UT 84044,4
531,UT YD 388 TOOELE SUBLOT 301 INDUSTRIAL LOOP ROAD TOOELE UT 84074,4
532,VA COPART YARD 194 4717 MASSAPONAX CHURCH ROAD FREDERICKSBURG VA 22408,4
533,VT 2743 VT-22A FAIR HAVEN VT 05743,4
534,VT 32 STAGE COACH ROAD ORLEANS VT 05860,4
535,WA 18515 PACIFIC AVE S SPANAWAY WA 98387,4
536,WI 1242 W LINCOLN AVE WAUKESHA WI 53186,4
537,WI 4825 SOUTH WHITNALL AVENUE CUDAHY WI 53110,4
538,WI 7213 HWY 41 CALEDONIA WI 53108,4
539,WI YARD 339 SUBLOT 9201 N 107TH ST MILWAUKEE WI 53224,4
540,WI YORKVILLE SUBLOT 2118 N SYLVANIA AVE STURTEVANT WI 53177,4
541,AL ADESA Birmingham (AL) ,3
542,AL Huntsville ,3
543,AL BIRMINGHAM ,3
544,AL Dothan ,3
545,AL Anchorag  ,3
546,AR FAYETTEVILLE ,3
547,AR LITTLE ROCK ,3
548,AZ PHOENIX   ,3
549,AZ TUCSON ,3
550,CA Anaheim ,3
551,CA East Bay ,3
552,CA BURBANK ,3
553,CA ACE Carson (CA) ,3
554,CA Colton ,3
555,CA Fontanaport   ,3
556,CA Fremont ,3
557,CA FRESNO ,3
558,CA Los Angeles ,3
559,CA High Desert ,3
560,CA North Hollywood ,3
561,CA ACE - Perris ,3
562,CA Sacramento ,3
563,CA SAN DIEGO ,3
564,CA Los Angeles South ,3
565,CO Colorado Springs ,3
566,CO DENVER EAST ,3
567,CO Western Colorado ,3
568,СO DENVER ,3
569,ST HARTFORD ,3
570,ST Hartford South ,3
571,DE New Castle ,3
572,FL Clearwater ,3
573,FL Fort Myers ,3
574,FL FT. PIERCE  ,3
575,FL Tampa North  ,3
576,FL JACKSONVILLE  ,3
577,FL Jupiter  ,3
578,FL Pensacola  ,3
579,FL Fort Myers  ,3
580,FL Miami  ,3
581,FL ORLANDO  ,3
582,FL Tempa  ,3
583,FL MIAMI NORTH  ,3
584,FL Orlando-North  ,3
585,FL MIAMI NORTH (FL)  ,3
586,GA ATLANTA NORTH  ,3
587,GA ATLANTA SOUTH  ,3
588,GA ATLANTA EAST  ,3
589,GA MACON  ,3
590,GA SAVANNAH  ,3
591,GA TIFTON  ,3
592,GA Atlanta East  ,3
593,HI Honolulu  ,3
594,HI Honolulu/ - A Komoha  ,3
595,IA Daven  ,3
596,IA Des Moines  ,3
597,ID BOISE  ,3
598,IL CHICAGO WEST  ,3
599,IL St. Louis  ,3
600,IL CHICAGO NORTH  ,3
601,IL LINCOLN  ,3
602,IL CHICAGO SOUTH  ,3
603,IL Specialty Division  ,3
604,IN Indianapolis (IN)  ,3
605,IN Indianapolis  ,3
606,IN Fort Wayne,3
607,IN South Bend  ,3
608,KS KANSAS CITY  ,3
609,KS WICHITA  ,3
610,KY Ashland KY  ,3
611,"KY Bowling Green, KY  ",3
612,KY LOUISVILLE NORTI  ,3
613,"KY Paducah, KY  ",3
614,KY Louisville  ,3
615,LA Baton Rouge (LA)  ,3
616,LA NEW ORLEANS  ,3
617,LA Shreve  ,3
618,LA Lafovetto  ,3
619,LA BATON ROUGE  ,3
620,LA NEW ORLEANS EAST  ,3
621,LA NORTH SCOTT  ,3
622,MA Taunton  ,3
623,MA Boston Shirley  ,3
624,MA Templaton (MA)  ,3
625,MD BALTIMORE  ,3
626,MD Metro DC  ,3
627,MD Dundalk  ,3
628,MD Elkton  ,3
629,MD Laurel  ,3
630,MD Rosedale  ,3
631,MD WHITE PLAINS  ,3
632,ME land - Gorham  ,3
633,MI Great Lakes  ,3
634,MI DETROIT  ,3
635,MI Grand Rapids  ,3
636,Ml Flint  ,3
637,MN Minneapolis South  ,3
638,MN Minneapolis  ,3
639,MO Kansas City East  ,3
640,MO Springfield  ,3
641,MS BYRAM ,3
642,MS Grenada ,3
643,MS Jackson ,3
644,MS Gulf Coast ,3
645,MT BILLINGS ,3
646,MT Missoula ,3
647,NC Wilmington ,3
648,NC Charlotte ,3
649,NC Raleigh ,3
650,NC Concord ,3
651,NC Asheville ,3
652,NC Greensboro ,3
653,NC High Point ,3
654,ND FARGO ,3
655,NE Omaha ,3
656,NH Manchester ,3
657,NJ Avenel New Jersey ,3
658,NJ Northern New Jersey ,3
659,NJ Englishtown ,3
660,NJ Central New Jersev ,3
661,NJ  Murray ,3
662,NJ Savreville ,3
663,NJ Southern New Jersey ,3
664,NM ALBUQUERQUE ,3
665,NV LAS VEGAS ,3
666,NV RENO ,3
667,NY Rochester ,3
668,NY Buffalo ,3
669,NY Syracuse ,3
670,NY Long Island ,3
671,NY ROCHESTER ,3
672,NY Newburgh ,3
673,NY Albany ,3
674,OH Cincinnati-South ,3
675,OH COLUMBUS ,3
676,OH Dayton ,3
677,OH Columbus ,3
678,OH CLEVELAND ,3
679,OH Akron-Canton ,3
680,OH Cincinnati ,3
681,OK OKLAHOMA CITY ,3
682,OK TULSA ,3
683,OR EUGENE ,3
684,OR Portland ,3
685,OR Portland West ,3
686,OR Portland South ,3
687,PA Pittoburgh ,3
688,PA Bridge ,3
689,PA Philadelphia ,3
690,PA ALTOONA ,3
691,PA Erie ,3
692,PA PITTSBURGH NORTH ,3
693,PA Philadelphia East (PA) ,3
694,PA Scranton ,3
695,PA York Springs ,3
696,RI East Providence ,3
697,SC COLUMBIA ,3
698,SC Lexington ,3
699,SC Charleston ,3
700,SC Greenvile ,3
701,SD Sioux Falls ,3
702,TN Chattanooga ,3
703,TN KNOXVILLE ,3
704,TN Memphis ,3
705,TN NASHVILLE ,3
706,TX Abilene ,3
707,TX AMARILLO ,3
708,TX CORPUS CHRISTI ,3
709,TX Austin ,3
710,TX MCALLEN ,3
711,TX EL PASO ,3
712,TX Dallas/Ft. Worth ,3
713,TX ABILENE ,3
714,TX HOUSTON ,3
715,TX Houston North ,3
716,TX Fort Worth North ,3
717,TX LONGVIEW ,3
718,TX Lubbock ,3
719,TX Permian Basin ,3
720,TX Houston South (TH) ,3
721,TX San Antonio ,3
722,TX San Antonio-South ,3
723,TX Dallas ,3
724,UT Salt Lake City ,3
725,VA RICHMOND ,3
726,VA Culpeper ,3
727,VA Fredericksburg-South ,3
728,VA Northern Virginia ,3
729,VA Roanoke ,3
730,VA Pulaski ,3
731,VA Suffolk ,3
732,VA Tidewater ,3
733,VT Burlington ,3
734,WA Seattle (WA) ,3
735,WA Spokane ,3
736,WA Seattle South ,3
737,WA Seattle ,3
738,WI Appleton ,3
739,WI Portage ,3
740,WI Milwaukee ,3
741,WV Buckhannon ,3
742,WV Casper ,3
743,WV Shady Spring ,3
744,WY Casper ,3
745,AL MOBILE,5
746,AL BIRMINGHAM,5
747,AL MONTGOMERY,5
748,AL DOTHAN,5
749,AL TANNER,5
750,AL MOBILE SOUTH,5
751,AL BIRMINGHAM AL SUBLOT,5
752,AR LITTLE ROCK,5
753,AR FAYETTEVILLE,5
754,AZ PHOENIX,5
755,AZ PHOENIX NORTH,5
756,AZ TUCSON,5
757,CA ADELANTO,5
758,CA REDDING,5
759,CA ANTELOPE,5
760,CA BAKERSFIELD,5
761,CA SAN BERNARDINO,5
762,CA FRESNO,5
763,CA SACRAMENTO CA SUBLOT,5
764,CA HAYWARD,5
765,CA LANCASTER CA SUBLOT,5
766,CA LOS ANGELES,5
767,CA MARTINEZ,5
768,CA MENTONE,5
769,CA RANCHO CUCAMONGA,5
770,CA SACRAMENTO,5
771,CA SAN DIEGO,5
772,CA SAN JOSE,5
773,CA SANTA PAULA CA SUBLOT,5
774,CA SUN VALLEY,5
775,CA VALLEJO,5
776,CA VAN NUYS,5
777,CA LONG BEACH,5
778,CO DENVER,5
779,CO COLORADO SPRINGS,5
780,CO DENVER CENTRAL,5
781,CO FORT LUPTON,5
782,CO DENVER SOUTH,5
783,CT HARTFORD SPRINGFIELD,5
784,CT BERLIN CT SUBLOT,5
785,CT HARTFORD,5
786,DE SEAFORD,5
787,FL ORLANDO NORTH,5
788,FL PUNTA GORDA SOUTH,5
789,FL FT.PIERCE,5
790,FL MIAMI SOUTH,5
791,FL JACKSONVILLE EAST,5
792,FL JACKSONVILLE SOUTH,5
793,FL JACKSONVILLE NORTH,5
794,FL JACKSONVILLE WEST,5
795,FL MIAMI CENTRAL,5
796,FL MIAMI NORTH,5
797,FL TALLAHASSEE,5
798,FL OCALA,5
799,FL ORLANDO SOUTH,5
800,FL PUNTA GORDA,5
801,FL TAMPA SOUTH,5
802,FL WEST PALM BEACH,5
803,GA AUGUSTA,5
804,GA ATLANTA WEST,5
805,GA MACON,5
806,GA CARTERSVILLE,5
807,GA EAST POINT,5
808,GA CRASHEDTOYS ATLANTA,5
809,GA ATLANTA SOUTH,5
810,GA FAIRBURN,5
811,GA ATLANTA NORTH,5
812,GA ATLANTA EAST,5
813,GA SAVANNAH,5
814,GA TIFTON,5
815,GA METTER GA SUBLOT,5
816,IA DES MOINES,5
817,IA DAVENPORT,5
818,IA CRASHEDTOYS ELDRIDGE,5
819,ID BOISE,5
820,IL SOUTHERN ILLINOIS,5
821,IL ALORTON,5
822,IL CHICAGO SOUTH,5
823,IL CHICAGO NORTH,5
824,IL PEORIA,5
825,IL LOUIS IL SUBLOT,5
826,IL WHEELING,5
827,IN CICERO,5
828,IN DYER,5
829,IN FORT WAYNE,5
830,IN HAMMOND,5
831,IN HARTFORD CITY,5
832,IN INDIANAPOLIS,5
833,KS KANSAS CITY,5
834,KS WICHITA,5
835,KY EARLINGTON,5
836,KY LEXINGTON WEST,5
837,KY LEXINGTON EAST,5
838,KY LOUISVILLE,5
839,KY WALTON,5
840,LA TICKFAW LA SUBLOT,5
841,LA BATON ROUGE,5
842,LA NEW ORLEANS,5
843,LA SHREVEPORT,5
844,MA FREETOWN,5
845,MA SOUTH BOSTON,5
846,MA NORTH BOSTON,5
847,MA WEST WARREN,5
848,MD BALTIMORE EAST,5
849,MD BALTIMORE,5
850,MD BALTIMORE MD SUBLOT,5
851,MD(DC) WASHINGTON DC,5
852,MD WHITE MARSH SUBLOT,5
853,ME GRAY ME SUBLOT,5
854,ME LYMAN,5
855,ME ORONO ME SUBLOT,5
856,ME WINDHAM,5
857,MI FLINT,5
858,MI KINCHELOE,5
859,MI LANSING,5
860,MI IONIA,5
861,MI DETROIT,5
862,MN ST.CLOUD,5
863,MN CRASHEDTOYS MINNEAPOLIS,5
864,MN MINNEAPOLIS,5
865,MN HAM LAKE MN SUBLOT,5
866,MN CRASHEDTOYS EAST BETHEL,5
867,MN MINNEAPOLIS NORTH,5
868,MO ST.LOUIS,5
869,MO COLUMBIA,5
870,MO SPRINGFIELD MO SUBLOT,5
871,MO SPRINGFIELD,5
872,MO SIKESTON,5
873,MS JACKSON,5
874,MS GRENADA,5
875,MT BILLINGS,5
876,MT HELENA,5
877,NC CHINA GROVE,5
878,NC CONCORD,5
879,NC LUMBERTON NC SUBLOT,5
880,NC RALEIGH,5
881,NC GASTONIA,5
882,NC RALEIGH NORTH,5
883,NC MEBANE,5
884,NC MOCKSVILLE,5
885,ND BISMARCK,5
886,NE LINCOLN,5
887,NH CANDIA,5
888,NJ GLASSBORO EAST,5
889,NJ SOMERVILLE,5
890,NJ TRENTON,5
891,NM ALBUQUERQUE,5
892,NV LAS VEGAS,5
893,NV LAS VEGAS WEST,5
894,NV RENO,5
895,NY ALBANY,5
896,NY BUFFALO,5
897,NY BROCTON NY SUBLOT,5
898,NY LONG ISLAND,5
899,NY SYRACUSE,5
900,NY ROCHESTER,5
901,NY NEWBURGH,5
902,NY ROCHESTER,5
903,OH AKRON,5
904,OH CLEVELAND WEST,5
905,OH COLUMBUS,5
906,OH DAYTON,5
907,OH CLEVELAND EAST,5
908,OK OKLAHOMA CITY,5
909,OK TULSA,5
910,OR EUGENE,5
911,OR PORTLAND NORTH,5
912,OR PORTLAND SOUTH,5
913,PA PITTSBURGH EAST,5
914,PA PHILADELPHIA EAST SUBLOT,5
915,PA CHAMBERSBURG,5
916,PA SCRANTON,5
917,PA ALTOONA,5
918,PA PITTSBURGH NORTH,5
919,PA HARRISBURG,5
920,PA PHILADELPHIA,5
921,PA PITTSBURGH SOUTH,5
922,PA YORK HAVEN,5
923,RI EXETER,5
924,SC COLUMBIA,5
925,SC GREER,5
926,SC NORTH CHARLESTON,5
927,SC GASTON SC SUBLOT,5
928,SC SPARTANBURG SUBLOT,5
929,SD RAPID CITY,5
930,TN NASHVILLE,5
931,TN KNOXVILLE,5
932,TN MEMPHIS,5
933,TX ABILENE,5
934,TX AMARILLO,5
935,TX ANDREWS,5
936,TX EL PASO,5
937,TX HASLET TX SUBLOT,5
938,TX CORPUS CHRISTI,5
939,TX CRASHEDTOYS DALLAS,5
940,TX DALLAS,5
941,TX FT.WORTH,5
942,TX HOUSTON,5
943,TX LONGVIEW,5
944,TX LUFKIN,5
945,TX MCALLEN,5
946,TX AUSTIN,5
947,TX ORMY TX SUBLOT,5
948,TX SAN ANTONIO,5
949,TX WACO,5
950,TX ANTHONY TX SUBLOT,5
951,TX WILMER TX SUBLOT,5
952,TX DALLAS SOUTH,5
953,UT OGDEN SUBLOT,5
954,UT SALT LAKE CITY,5
955,VA RICHMOND EAST,5
956,VA DANVILLE,5
957,VA FREDERICKSBURG,5
958,VA HAMPTON,5
959,VA RICHMOND,5
960,VT ORLEANS VT SUBLOT,5
961,VT RUTLAND,5
962,WA SPOKANE,5
963,WA NORTH SEATTLE,5
964,WA GRAHAM,5
965,WA PASCO,5
966,WI APPLETON,5
967,WI MILWAUKEE,5
968,WI MILWAUKEE NORTH,5
969,WI MILWAUKEE SOUTH,5
970,WI MADISON,5
971,WI MADISON SOUTH,5
972,WI WAUKESHA WI SUBLOT,5
973,WV CHARLESTON,5
974,WY CASPER,5
